Unnamed: 0,Experiment,v1_mean,v2_mean,zr_mean,a_mean,ndt_mean,sndt_mean,alpha_mean,accuracy_percentage,mean_log_rt,RT_mean_correct_error,mean_correct,mean_error,error_array,RT_Cor_arr,ID,Task,Session,alpha_shifted,alpha_clipped,alpha_arcsin,alpha_mean_boxcox_after_arcsin,accuracy_arcsin,accuracy_percentage_boxcox_after_arcsin
52,001_class_pictures_part_2.dat,1.11951343143178,-3.116964297913686,0.4464242478037622,0.8457514193349784,0.5252665103460497,0.0518836957826705,1.8884925606030705,0.83,6.5220340618542405,0.69262,0.6913373493975904,0.6988823529411765,"12     0.618
15     0.696
17     0.728
23     0.799
26     0.853
43     0.553
49     0.633
80     0.559
81     0.647
87     1.399
89     0.544
102    0.559
103    0.562
105    0.628
107    0.747
110    0.576
111    0.509
120    0.714
126    0.698
130    0.743
139    0.783
140    0.545
144    0.628
145    0.535
160    0.974
168    0.661
173    0.459
174    0.773
177    0.503
186    0.882
194    0.984
197    0.871
199    0.770
201    0.629
Name: RT, dtype: float64","1      0.822
2      0.673
3      0.654
4      0.689
5      0.798
       ...  
193    0.847
195    0.699
196    0.624
198    0.643
200    0.632
Name: RT, Length: 166, dtype: float64",1,RMT,Session 2,0.8884925606030705,0.8884925606030705,1.230329353969889,0.24241487654864843,1.1458075438324933,0.15996510797347657
28,002_class_pictures_part_2.dat,1.72057151983352,-2.3251129823604777,0.5913934277545236,0.9040276615351543,0.610376864138775,0.0260992443425803,1.9372975781942865,0.88,6.650757639131825,0.794135,0.7850056818181819,0.8610833333333335,"1      0.961
20     0.869
33     0.940
44     0.811
57     0.802
81     0.954
83     1.003
85     0.935
89     0.716
92     0.843
97     0.839
106    0.636
111    0.780
113    0.968
122    0.805
139    0.816
141    0.741
155    0.933
164    1.035
167    0.899
168    0.802
179    0.868
180    0.818
199    0.892
Name: RT, dtype: float64","2      0.755
3      0.624
4      0.772
5      0.691
6      0.733
       ...  
196    0.651
197    0.956
198    0.733
200    0.909
201    0.666
Name: RT, Length: 176, dtype: float64",2,RMT,Session 2,0.9372975781942865,0.9372975781942865,1.3176982664207888,0.3403883804102311,1.2170547209052252,0.2486447810787341
227,003_class_pictures_part_2.dat,1.6417898432904092,-2.6337002565567467,0.6444143941586132,1.3652092439559251,0.535374542499026,0.0136592202705212,1.9079445235803727,0.949238578680203,6.675169378841243,0.8387918781725888,0.8178128342245988,1.2311,"49     1.173
80     2.422
85     0.856
112    0.789
146    1.300
157    1.170
173    1.582
183    0.950
185    1.083
191    0.986
Name: RT, dtype: float64","1      0.976
2      0.738
3      1.265
4      0.668
5      0.659
       ...  
197    0.772
198    0.869
199    0.684
200    0.901
201    0.594
Name: RT, Length: 187, dtype: float64",3,RMT,Session 2,0.9079445235803727,0.9079445235803727,1.2625307235923402,0.27815413247407206,1.3435423523637626,0.4236120098994081
361,004_class_pictures_part_2.dat,1.4909622569792622,-2.0944458748400088,0.5421784277288998,1.1047416000982944,0.5851275426824024,0.056183596076058,1.86233082436753,0.8934010152284264,6.713044528639833,0.8544771573604061,0.8454602272727272,0.930047619047619,"33     0.719
43     0.697
69     1.001
80     0.951
85     0.776
91     0.979
103    0.695
110    1.043
113    1.200
122    1.051
127    0.947
129    0.891
144    0.796
148    1.247
159    0.689
167    0.734
175    1.479
178    0.900
187    1.109
191    0.594
199    1.033
Name: RT, dtype: float64","1      0.894
2      0.881
3      0.551
4      0.610
5      1.118
       ...  
196    0.816
197    0.711
198    0.859
200    1.049
201    0.926
Name: RT, Length: 176, dtype: float64",4,RMT,Session 2,0.8623308243675301,0.8623308243675301,1.1906697965498048,0.19900330959352197,1.2382033526684006,0.2763254764097979
36,005_class_pictures_part_2.dat,3.445411990518647,-2.192077134211502,0.5524831629983369,1.7358226251963291,0.4770972539132103,0.0129412463132928,1.8322554955754584,0.984924623115578,6.655084244520098,0.8194673366834172,0.8080102040816327,1.5679999999999998,"18     1.646
49     1.887
167    1.171
Name: RT, dtype: float64","1      0.831
2      0.617
3      0.526
4      0.995
5      0.626
       ...  
197    0.667
198    1.028
199    0.795
200    0.668
201    0.642
Name: RT, Length: 196, dtype: float64",5,RMT,Session 2,0.8322554955754584,0.8322554955754584,1.1488177839428284,0.15392848483904764,1.4477038915894178,0.584952631648664
173,007_class_pictures_part_2.dat,2.5110023201665217,-2.6619694290505533,0.4937174746278996,1.088354473037811,0.5561360539036568,0.0128746396943724,1.881829899084851,0.955,6.609524159300938,0.7652500000000001,0.7547225130890053,0.9886666666666666,"33     1.323
43     0.857
49     0.899
71     0.647
118    1.132
127    1.371
159    0.941
162    1.063
184    0.665
Name: RT, dtype: float64","1      0.905
2      0.682
3      0.614
4      0.634
5      0.633
       ...  
197    0.764
198    0.741
199    0.779
200    0.612
201    0.826
Name: RT, Length: 191, dtype: float64",7,RMT,Session 2,0.881829899084851,0.881829899084851,1.2198796301902566,0.23091132863063185,1.357040194322462,0.4436308648622295
331,008_class_pictures_part_2.dat,4.564346235431012,-2.193435366598203,0.4125588662213951,1.7306529972529183,0.520325439674072,0.0146871424603723,1.8027522467266768,0.9897959183673468,6.654985099021759,0.8023010204081633,0.7979072164948454,1.2285,"53     0.556
125    1.901
Name: RT, dtype: float64","1      1.169
2      0.795
3      0.648
4      0.676
5      0.931
       ...  
197    0.780
198    0.693
199    0.754
200    1.596
201    0.737
Name: RT, Length: 194, dtype: float64",8,RMT,Session 2,0.8027522467266768,0.8027522467266768,1.110597976564643,0.11343835238037503,1.469608484011348,0.6209035622022047
131,009_class_pictures_part_2.dat,1.2350936760701317,-2.0204439655931603,0.4600118030261363,1.1171128235711574,0.5362569060471571,0.0225066734695198,1.909610021067696,0.8585858585858586,6.658236617972221,0.8111919191919192,0.8033294117647057,0.8589285714285715,"12     0.713
17     0.670
35     0.599
43     0.600
50     0.754
55     1.567
58     0.831
66     0.688
69     1.314
80     0.583
81     1.039
91     0.928
105    0.813
110    0.554
111    0.710
118    0.849
120    0.737
122    1.033
126    0.586
133    0.994
150    0.585
160    1.013
168    0.741
177    0.884
178    0.978
186    0.796
188    0.934
193    1.557
Name: RT, dtype: float64","1      0.829
2      0.775
3      0.605
4      0.609
5      0.699
       ...  
197    0.933
198    0.778
199    0.872
200    0.655
201    0.693
Name: RT, Length: 170, dtype: float64",9,RMT,Session 2,0.9096100210676961,0.9096100210676961,1.2654229880284733,0.2813854921979954,1.1852658633813196,0.20821055554301934
278,010_class_pictures_part_2.dat,2.6964516344331044,-2.890304132069429,0.5697333777306752,1.3518070115762812,0.4619643241981514,0.0143330800579648,1.3821733082901717,0.95,6.552775874189128,0.70953,0.7136631578947367,0.631,"18     0.458
27     0.744
33     0.727
49     0.673
85     0.596
97     0.699
126    0.560
137    0.738
159    0.503
162    0.612
Name: RT, dtype: float64","1      0.798
2      0.583
3      0.462
4      0.576
5      0.597
       ...  
197    0.607
198    0.922
199    0.692
200    0.688
201    0.710
Name: RT, Length: 190, dtype: float64",10,RMT,Session 2,0.3821733082901717,0.3821733082901717,0.6664527478256018,-0.3054427789659604,1.3452829208967652,0.4261787295908648
402,011_class_pictures_part_2.dat,3.782548388596047,-3.339238562877359,0.4946963895301,1.134197040986492,0.5076646726684969,0.0192829945234025,1.83536417064112,0.98,6.492246227738532,0.673535,0.6671326530612244,0.98725,"125    0.702
149    1.785
168    0.643
193    0.819
Name: RT, dtype: float64","1      0.829
2      0.717
3      0.559
4      0.602
5      0.766
       ...  
197    0.580
198    0.853
199    0.699
200    0.556
201    0.641
Name: RT, Length: 196, dtype: float64",11,RMT,Session 2,0.8353641706411199,0.8353641706411199,1.152993331865193,0.15839120876975468,1.428899272190733,0.5546535478188402
272,012_class_pictures_part_2.dat,3.570796476738042,-3.321698759708084,0.5468279443734423,1.6238857470020611,0.5613231725628804,0.0102694842964315,1.9147058428418648,0.995,6.671586697663873,0.8077599999999999,0.8077487437185931,0.81,"24    0.81
Name: RT, dtype: float64","1      2.336
2      0.899
3      0.640
4      0.685
5      0.867
       ...  
197    0.843
198    0.837
199    1.028
200    1.548
201    0.665
Name: RT, Length: 199, dtype: float64",12,RMT,Session 2,0.9147058428418648,0.9147058428418648,1.2744250317334243,0.2914653169934748,1.5000265901326824,0.6720058758796273
40,013_class_pictures_part_2.dat,2.7686906264282123,-2.600736374694305,0.5887429542543591,1.4412200610957078,0.4663952960342412,0.0159658030821987,1.864964754857027,0.9747474747474748,6.574633943936999,0.7447727272727271,0.7397927461139896,0.937,"48     0.727
64     0.583
164    1.458
168    0.914
171    1.003
Name: RT, dtype: float64","1      0.848
2      0.722
3      0.640
4      0.611
5      0.690
       ...  
197    0.651
198    0.829
199    0.692
200    0.749
201    0.529
Name: RT, Length: 193, dtype: float64",13,RMT,Session 2,0.864964754857027,0.864964754857027,1.1945075718845084,0.20317467453166413,1.4112093638958354,0.5266241927760764
324,014_class_pictures_part_2.dat,3.79971373359078,-2.766597699481568,0.4714824209401257,1.87854922472151,0.4991552279183654,0.0098493357599214,1.9504846033628167,1.0,6.661397293760333,0.8038743718592966,0.8038743718592966,,"Series([], Name: RT, dtype: float64)","1      0.881
2      0.772
3      0.720
4      0.708
5      0.811
       ...  
197    1.164
198    0.742
199    0.811
200    0.869
201    0.657
Name: RT, Length: 199, dtype: float64",14,RMT,Session 2,0.9504846033628167,0.9504846033628167,1.3463972419927206,0.37325782985285694,1.5707963267948966,0.7962472900409383
337,015_class_pictures_part_2.dat,2.881465371926376,-3.741489453132009,0.5619410648189327,1.23337031095763,0.5340386939694011,0.0216740065145812,1.621346972489871,0.965,6.571577306777589,0.7230500000000001,0.7216165803108808,0.7625714285714286,"62     0.651
69     1.017
80     0.542
85     1.003
160    1.021
162    0.594
182    0.510
Name: RT, dtype: float64","1      1.125
2      0.688
3      0.716
4      0.641
5      0.830
       ...  
197    0.782
198    0.713
199    0.639
200    0.710
201    0.756
Name: RT, Length: 193, dtype: float64",15,RMT,Session 2,0.621346972489871,0.621346972489871,0.9079690928569614,-0.08999321794574511,1.3826045856360323,0.4822673334527982
228,016_class_pictures_part_2.dat,2.107162690495742,-2.780525143534956,0.5131212924713734,1.643095884295819,0.5407428378493582,0.0149502179171846,1.9636351429701235,0.9848484848484848,6.749427018747433,0.8867929292929293,0.8822820512820514,1.18,"128    1.218
178    1.371
192    0.951
Name: RT, dtype: float64","1      1.277
2      0.856
3      0.973
4      0.657
5      0.933
       ...  
197    1.415
198    0.699
199    1.464
200    1.215
201    0.853
Name: RT, Length: 195, dtype: float64",16,RMT,Session 2,0.9636351429701235,0.9636351429701235,1.378925504891915,0.41091576159044874,1.4473918600601101,0.5844456239359964
260,017_class_pictures_part_2.dat,4.453201146462546,-3.887011772334213,0.5827040500720988,1.5116969816375887,0.5111674337746976,0.0051566482506782,1.918788724497717,1.0,6.537544679132098,0.70307,0.70307,,"Series([], Name: RT, dtype: float64)","1      0.757
2      0.608
3      0.596
4      0.535
5      0.678
       ...  
197    2.164
198    0.861
199    0.659
200    0.916
201    0.681
Name: RT, Length: 200, dtype: float64",17,RMT,Session 2,0.9187887244977171,0.9187887244977171,1.2818150194374682,0.29976531244108745,1.5707963267948966,0.7962472900409383
320,018_class_pictures_part_2.dat,4.12874793404033,-3.216193161552684,0.5200990916130438,1.2529498825501697,0.5200044422442637,0.0193073265905887,1.8611251401329647,0.984924623115578,6.535385301838111,0.7000251256281408,0.6989336734693878,0.7713333333333333,"8      0.845
52     0.610
193    0.859
Name: RT, dtype: float64","1      0.729
2      0.651
3      0.592
4      0.652
5      0.803
       ...  
197    0.653
198    0.766
199    0.683
200    0.589
201    0.721
Name: RT, Length: 196, dtype: float64",18,RMT,Session 2,0.8611251401329647,0.8611251401329647,1.1889233621123194,0.1971071747619705,1.4477038915894178,0.584952631648664
380,019_class_pictures_part_2.dat,0.8723498051135197,-1.2278572341889775,0.5684170333237929,1.4853311024180067,0.4955455643735302,0.016559220733795,1.9085296130774123,0.8306878306878307,6.815355825107094,1.0066507936507936,0.9722420382165604,1.17546875,"35     1.011
48     0.644
59     0.876
70     2.242
71     0.993
80     0.687
87     1.570
89     1.123
94     1.093
103    0.696
109    1.533
110    1.110
111    1.380
121    1.280
128    1.111
133    0.685
140    2.489
144    0.646
147    0.829
159    0.637
161    1.455
163    1.742
164    1.659
167    0.938
168    1.083
175    1.229
176    1.237
186    0.998
191    0.659
195    1.858
196    1.398
199    0.724
Name: RT, dtype: float64","1      0.728
2      0.643
3      1.055
4      0.588
5      0.675
       ...  
194    0.798
197    0.731
198    0.845
200    1.012
201    0.657
Name: RT, Length: 157, dtype: float64",19,RMT,Session 2,0.9085296130774123,0.9085296130774123,1.2635440738334347,0.2792858918221407,1.146723844558478,0.16106119384720477
156,020_class_pictures_part_2.dat,3.944842840855652,-3.3808845927183,0.4496279026190448,2.1582363864063607,0.4905629729132233,0.0205291781768788,1.603026899069793,0.9899497487437184,6.656399311195567,0.7936281407035176,0.7931827411167512,0.8375,"140    1.040
196    0.635
Name: RT, dtype: float64","1      0.935
2      0.778
3      0.791
4      0.667
5      0.850
       ...  
197    0.700
198    0.725
199    0.772
200    0.660
201    0.705
Name: RT, Length: 197, dtype: float64",20,RMT,Session 2,0.6030268990697929,0.6030268990697929,0.8891684100273025,-0.10786591641545862,1.4703766968142256,0.6221772629954145
296,1001_class_pictures_part_2.dat,3.286342634454922,-2.9913339514781385,0.5356049764033247,1.5382086084367186,0.5011527855634261,0.0179630465964594,1.9161805983569344,0.9897959183673468,6.60419681284108,0.7552551020408165,0.7541030927835051,0.867,"57     1.099
171    0.635
Name: RT, dtype: float64","1      1.129
2      1.164
3      0.592
4      0.699
5      0.731
       ...  
197    0.857
198    0.781
199    0.716
200    0.685
201    0.777
Name: RT, Length: 194, dtype: float64",1001,RMT,Session 2,0.9161805983569344,0.9161805983569344,1.2770753865542905,0.29443942584633204,1.469608484011348,0.6209035622022047
374,1002_class_pictures_part_2.dat,1.215550294747426,-1.5592521642667416,0.657748508306411,1.1804100126081518,0.5160163982818144,0.0242968861245021,1.861369511973709,0.8341968911917098,6.64695038149543,0.8271295336787566,0.7961055900621118,0.98321875,"1      0.657
7      0.783
11     1.266
18     0.823
19     0.925
22     0.692
24     2.299
30     0.903
33     1.093
66     1.412
71     0.555
75     0.675
85     0.737
92     1.387
94     0.557
117    1.126
125    0.887
129    0.556
134    0.583
141    0.566
142    0.550
152    1.139
160    0.947
162    1.320
164    1.050
174    0.936
175    2.140
183    0.773
186    0.734
196    1.009
197    1.515
198    0.868
Name: RT, dtype: float64","2      0.995
3      0.544
4      0.764
5      0.794
6      0.693
       ...  
194    0.732
195    0.629
199    1.194
200    0.763
201    0.656
Name: RT, Length: 161, dtype: float64",1002,RMT,Session 2,0.861369511973709,0.861369511973709,1.1892768191060104,0.1974908229671168,1.1514217800972903,0.16669897008155707
309,1003_class_pictures_part_2.dat,2.0359873457828948,-1.805110611814598,0.5060993779763622,1.418475459947784,0.5136608220093389,0.0035934925208935,1.8926830463111588,0.9396984924623116,6.723141048588978,0.8795527638190955,0.874475935828877,0.9586666666666668,"24     1.529
33     1.016
45     0.808
61     0.510
95     0.693
114    0.690
129    1.889
140    0.718
144    0.914
162    0.826
186    0.818
201    1.093
Name: RT, dtype: float64","1      1.260
2      1.968
3      0.941
4      1.088
5      0.812
       ...  
196    0.751
197    1.239
198    1.346
199    0.784
200    0.695
Name: RT, Length: 187, dtype: float64",1003,RMT,Session 2,0.8926830463111588,0.8926830463111588,1.2370418139399095,0.24982872095852174,1.3226952203934235,0.3932082628329413
181,1004_class_pictures_part_2.dat,2.838565934304108,-2.698522035940419,0.5749538719733344,1.026917192196129,0.505206888409343,0.0198804049660017,1.8318437798451104,0.95,6.501290344001542,0.6858650000000001,0.6764052631578947,0.8656,"66     1.363
71     0.554
108    0.569
125    0.869
129    1.309
139    0.889
167    0.667
182    0.527
193    1.147
196    0.762
Name: RT, dtype: float64","1      0.896
2      0.803
3      0.536
4      0.612
5      0.603
       ...  
197    0.651
198    0.645
199    0.835
200    0.605
201    0.714
Name: RT, Length: 190, dtype: float64",1004,RMT,Session 2,0.8318437798451104,0.8318437798451104,1.1482670999557483,0.15334049933331637,1.3452829208967652,0.4261787295908648
105,1005_class_pictures_part_2.dat,2.417587989513021,-3.128374696513421,0.5270071507189439,1.0318718684374035,0.5446142774982253,0.0223828943078905,1.8691398708956464,0.955,6.572296643790531,0.72996,0.7257225130890053,0.8198888888888889,"5      0.813
21     1.188
23     0.870
71     0.687
89     0.691
108    0.771
117    1.025
150    0.682
184    0.652
Name: RT, dtype: float64","1      0.950
2      1.040
3      0.669
4      0.833
6      0.664
       ...  
197    0.839
198    0.649
199    0.767
200    0.576
201    0.812
Name: RT, Length: 191, dtype: float64",1005,RMT,Session 2,0.8691398708956464,0.8691398708956464,1.2006563361518732,0.2098711323510081,1.357040194322462,0.4436308648622295
138,1006_class_pictures_part_2.dat,2.1633477781966914,-1.7371997668021144,0.5556213445874971,0.9928012497458484,0.6000988204983708,0.0215513215894669,1.8336600855204952,0.885,6.680236536086176,0.829135,0.8109661016949152,0.9689565217391304,"12     0.672
18     1.154
19     1.041
27     0.896
33     0.726
49     0.849
58     0.966
80     0.957
87     1.042
105    0.818
124    1.377
125    1.058
148    0.783
149    0.740
155    1.129
156    1.079
166    0.902
168    0.828
175    1.166
179    1.079
181    0.952
186    1.322
197    0.750
Name: RT, dtype: float64","1      0.805
2      0.880
3      0.774
4      0.697
5      0.749
       ...  
196    0.783
198    0.753
199    0.839
200    0.695
201    0.724
Name: RT, Length: 177, dtype: float64",1006,RMT,Session 2,0.8336600855204952,0.8336600855204952,1.1507005476550427,0.1559397882632138,1.224818739231738,0.2587341434453794
195,1007_class_pictures_part_2.dat,2.6173253930588567,-3.126239889676754,0.6308220856262642,1.6167127487954245,0.531409383668817,0.0044388823637128,1.8704486211946647,0.98989898989899,6.681733363194773,0.8243838383838384,0.8225561224489796,1.0035,"33     0.886
199    1.121
Name: RT, dtype: float64","1      1.102
2      1.400
3      1.245
4      0.952
5      1.645
       ...  
196    1.263
197    0.630
198    0.666
200    1.263
201    0.621
Name: RT, Length: 196, dtype: float64",1007,RMT,Session 2,0.8704486211946647,0.8704486211946647,1.2026008216555852,0.21199220437068364,1.4701225732443208,0.6217558281110407
82,1008_class_pictures_part_2.dat,1.804540491381749,-0.4676707205684841,0.6366628674707338,1.1950704728331594,0.548426222635369,0.0677498232787662,1.7864356263264145,0.7185929648241206,6.705866750557004,0.8938341708542713,0.8643216783216782,0.9691964285714284,"1      1.205
7      1.059
18     1.370
19     1.296
21     1.035
24     0.682
34     0.787
35     1.591
37     0.619
40     1.143
45     0.905
49     0.937
51     0.830
56     1.017
59     1.514
60     0.967
70     0.962
71     1.191
74     1.053
75     0.852
77     1.095
79     0.749
84     0.881
86     0.770
94     0.553
96     1.106
97     1.128
99     1.019
104    0.506
106    1.756
108    1.117
109    1.169
113    1.069
116    1.489
125    0.733
127    0.581
129    0.940
133    0.791
135    1.339
138    1.194
141    0.594
148    0.654
152    0.704
156    1.072
157    0.909
162    0.844
167    0.677
174    0.997
179    1.040
181    0.648
188    0.942
190    0.775
192    1.101
193    0.639
196    0.696
200    0.983
Name: RT, dtype: float64","2      0.607
3      0.468
4      0.586
5      0.828
6      0.593
       ...  
195    0.804
197    0.960
198    0.819
199    0.737
201    1.030
Name: RT, Length: 143, dtype: float64",1008,RMT,Session 2,0.7864356263264145,0.7864356263264145,1.0904004769261813,0.0923045254586004,1.011631840414223,0.011720732114388743
350,1009_class_pictures_part_2.dat,1.5718783120484212,-1.5069594435815137,0.5972017603181533,1.3147124721882866,0.5708097878302392,0.0190000533993574,1.876201575341948,0.8838383838383839,6.768351962081781,0.9362929292929294,0.9035428571428572,1.185478260869565,"11     1.357
34     1.221
35     0.769
49     1.444
51     0.904
69     0.778
79     1.168
89     0.768
103    1.536
115    1.121
125    2.076
148    1.087
153    1.343
160    1.357
166    1.038
168    0.983
169    1.852
172    1.006
174    0.974
183    1.045
184    1.077
186    1.010
194    1.352
Name: RT, dtype: float64","1      1.295
2      0.736
3      0.654
4      0.826
5      0.894
       ...  
197    0.783
198    1.244
199    0.817
200    1.352
201    0.828
Name: RT, Length: 175, dtype: float64",1009,RMT,Session 2,0.8762015753419481,0.8762015753419481,1.211249575515843,0.2214460382600381,1.2230021280520493,0.25636590515573554
128,1010_class_pictures_part_2.dat,2.1127708336379536,-3.534789693369468,0.6369489771879436,1.1921945559817928,0.5118803243757277,0.0173201302031314,1.8386299309625893,0.965,6.550698131467251,0.7224,0.7144196891191709,0.9424285714285716,"15     0.651
33     0.684
35     0.731
57     1.266
85     1.671
106    1.069
129    0.525
Name: RT, dtype: float64","1      1.113
2      0.868
3      0.713
4      0.604
5      0.827
       ...  
197    0.693
198    0.770
199    1.085
200    0.646
201    0.596
Name: RT, Length: 193, dtype: float64",1010,RMT,Session 2,0.8386299309625893,0.8386299309625893,1.1574141186031552,0.16312438023248804,1.3826045856360323,0.4822673334527982
6,1011_class_pictures_part_2.dat,1.4400426819721148,-1.4632915843651844,0.5502738574249957,0.782073995662773,0.5768448227697243,0.0400651816554785,1.856685151962276,0.79,6.601234911673687,0.75548,0.7490189873417722,0.7797857142857142,"1      0.961
7      0.733
11     0.986
15     0.636
18     0.893
22     1.204
24     0.682
34     0.824
48     0.684
50     0.893
54     0.653
61     0.731
64     0.796
70     0.733
71     0.649
72     0.899
79     1.004
81     1.043
89     0.700
93     0.660
96     0.940
100    0.593
108    0.521
109    0.660
113    0.736
121    0.834
126    0.649
127    0.909
131    0.734
134    0.656
138    0.723
139    0.866
140    0.690
162    1.034
168    0.645
171    0.647
174    0.887
184    0.761
185    0.734
186    0.742
191    0.613
194    0.813
Name: RT, dtype: float64","2      0.858
3      0.544
4      0.629
5      0.634
6      0.621
       ...  
197    0.804
198    0.741
199    1.051
200    0.845
201    0.618
Name: RT, Length: 158, dtype: float64",1011,RMT,Session 2,0.856685151962276,0.856685151962276,1.182546075157532,0.1901944396264858,1.094762508733574,0.10071241260762759
193,1012_class_pictures_part_2.dat,0.3427611007999456,-1.874830934269772,0.4848499990671896,1.0776352299014056,0.5587681054905068,0.0461527239979768,1.9443588782812908,0.74,6.687487527374273,0.841775,0.828168918918919,0.8805000000000002,"2      1.075
3      1.353
12     0.716
15     0.788
16     0.709
26     0.626
27     0.973
32     1.219
33     0.788
35     0.668
44     0.764
49     0.902
50     0.638
58     0.882
66     1.172
67     1.007
69     0.661
70     1.461
80     0.620
81     0.908
85     0.552
89     0.782
91     0.694
92     0.764
102    0.814
103    0.816
105    0.707
107    0.779
110    0.919
111    0.994
112    0.869
117    0.758
118    0.972
122    1.492
126    0.792
128    0.760
129    0.988
140    0.633
145    0.725
146    0.597
148    0.829
163    0.832
168    0.790
173    0.845
174    1.043
176    1.888
186    0.703
187    0.787
191    0.603
194    1.143
197    0.648
199    1.338
Name: RT, dtype: float64","1      1.137
4      0.939
5      0.827
6      0.901
7      0.885
       ...  
195    0.869
196    0.829
198    0.994
200    0.707
201    0.728
Name: RT, Length: 148, dtype: float64",1012,RMT,Session 2,0.9443588782812908,0.9443588782812908,1.3326684940126488,0.35749223859576035,1.0357255195997424,0.036566138718187605
262,1013_class_pictures_part_2.dat,0.80456896621168,-1.3247418337925725,0.4232710624183972,1.125054227055308,0.5100759043788423,0.0158648889236313,1.8611498099058847,0.7602040816326531,6.688606583316774,0.8380867346938775,0.8367114093959731,0.8424468085106386,"2      0.562
12     0.670
15     0.603
17     0.980
23     0.587
26     0.552
32     0.923
33     0.972
35     1.739
43     0.970
49     0.694
50     0.677
53     0.700
57     0.995
61     1.044
64     1.078
69     1.221
71     0.889
81     1.074
89     0.708
99     1.651
107    0.643
109    0.900
113    1.079
115    0.958
117    0.896
122    0.622
126    0.809
139    0.666
159    0.680
161    1.138
162    1.002
164    0.604
168    2.244
173    0.565
174    0.627
176    0.944
182    0.511
183    0.607
184    0.666
186    0.582
187    0.667
189    0.505
191    0.509
195    0.661
199    0.636
201    0.585
Name: RT, dtype: float64","1      0.751
3      0.583
4      0.586
5      0.787
6      0.694
       ...  
194    0.627
196    0.586
197    0.620
198    0.629
200    1.973
Name: RT, Length: 149, dtype: float64",1013,RMT,Session 2,0.8611498099058847,0.8611498099058847,1.1889590323812012,0.1971458894273222,1.059062598468898,0.0613656349310924
54,1014_class_pictures_part_2.dat,1.9347000142900352,-1.7797862130671829,0.5758159126068324,1.180463287191296,0.5561912279762923,0.0188818959461181,1.8352789122498048,0.8994974874371859,6.69309360360491,0.8438894472361811,0.8295810055865922,0.97195,"12     0.666
18     0.810
27     0.993
33     1.311
35     1.544
49     0.714
50     0.787
59     0.803
62     0.708
69     1.235
89     0.896
127    1.002
138    1.394
139    1.233
164    0.618
186    0.753
191    0.634
193    1.118
198    1.299
199    0.921
Name: RT, dtype: float64","1      0.868
2      0.871
3      0.588
4      0.777
5      0.598
       ...  
195    0.738
196    0.921
197    0.800
200    0.863
201    0.741
Name: RT, Length: 179, dtype: float64",1014,RMT,Session 2,0.8352789122498048,0.8352789122498048,1.152878394323428,0.1582682638006324,1.248209184242662,0.2896402255665844
144,1015_class_pictures_part_2.dat,2.353706295578132,-1.7777462325864608,0.4664859681578801,0.9612369687717915,0.5140185637337801,0.0322777692162635,1.460156664413124,0.9090909090909092,6.590846467996949,0.7450959595959595,0.7441555555555556,0.7544999999999998,"2      0.679
43     0.648
70     0.577
71     0.599
89     0.639
94     1.318
121    0.575
122    0.673
126    0.529
128    1.304
145    0.696
176    0.864
181    0.919
191    0.738
193    0.685
194    0.678
199    0.847
201    0.613
Name: RT, dtype: float64","1      0.789
3      0.788
4      0.616
6      0.873
7      1.178
       ...  
195    0.698
196    0.688
197    0.694
198    0.729
200    0.767
Name: RT, Length: 180, dtype: float64",1015,RMT,Session 2,0.4601566644131241,0.4601566644131241,0.7455125395592741,-0.23840156370810242,1.2645189576252274,0.3116456245015109
366,1016_class_pictures_part_2.dat,2.105344594900237,-2.9405974614893786,0.6142405447136927,1.4024280280527155,0.5255188944279978,0.0301567826817738,1.862698858270016,0.9695431472081218,6.655166109604265,0.8021370558375636,0.7999319371727748,0.8723333333333333,"33     0.797
128    0.843
173    0.807
174    1.059
176    0.909
177    0.819
Name: RT, dtype: float64","1      0.770
2      0.868
3      0.600
4      0.749
5      0.723
       ...  
197    0.923
198    0.918
199    0.916
200    0.788
201    0.697
Name: RT, Length: 191, dtype: float64",1016,RMT,Session 2,0.8626988582700159,0.8626988582700159,1.1912041722763154,0.19958375390794927,1.3953791594891236,0.5019293203761169
75,1017_class_pictures_part_2.dat,2.306742632766785,-1.7566770840924288,0.6005750449296808,1.5000577920272309,0.4409851697080099,0.0215205919977588,1.9336278074591124,0.9343434343434344,6.620027531701559,0.802409090909091,0.7862054054054053,1.033,"45     1.769
70     0.848
73     1.728
75     0.739
125    1.471
138    0.997
139    0.602
157    1.091
164    0.795
181    0.548
183    0.887
195    1.134
200    0.820
Name: RT, dtype: float64","1      0.872
2      0.810
3      0.775
4      0.617
5      0.674
       ...  
196    0.843
197    0.620
198    0.974
199    1.052
201    1.657
Name: RT, Length: 185, dtype: float64",1017,RMT,Session 2,0.9336278074591124,0.9336278074591124,1.3102297839329273,0.33188970919321037,1.3116707999667447,0.3773819074741875
180,1018_class_pictures_part_2.dat,2.2150437517480297,-1.60519845756816,0.561402982208302,1.3691007513090263,0.5175941314736537,0.019131512327246,1.7944967632006856,0.9195979899497488,6.706480219014962,0.8721055276381912,0.8484699453551912,1.1424375000000002,"20     1.502
33     1.092
42     1.963
61     1.171
70     0.755
72     1.574
106    1.299
121    1.489
131    0.572
139    2.315
159    0.781
168    0.875
179    0.805
182    0.766
191    0.604
197    0.716
Name: RT, dtype: float64","1      0.896
2      2.484
3      0.593
4      0.717
5      1.028
       ...  
196    0.770
198    1.165
199    0.628
200    0.683
201    0.864
Name: RT, Length: 183, dtype: float64",1018,RMT,Session 2,0.7944967632006856,0.7944967632006856,1.1003045890927712,0.10264484115482952,1.2832997078750459,0.3374503517062087
73,1019_class_pictures_part_2.dat,1.9756669535542128,-1.1138391571184498,0.5113471188084898,1.3207572781554775,0.5767288702573587,0.0454900869034054,1.8988837965443144,0.8693467336683417,6.77565638996788,0.9521608040201004,0.903635838150289,1.2750384615384616,"1      2.212
2      2.431
7      1.802
12     0.888
15     1.013
18     1.223
19     1.212
23     0.938
49     0.932
53     0.898
69     0.698
71     1.094
79     1.048
80     1.035
89     0.906
106    1.715
113    1.510
115    1.319
125    1.105
129    1.366
131    1.461
137    1.495
138    1.344
139    1.135
157    1.533
164    0.838
Name: RT, dtype: float64","3      0.765
4      1.058
5      0.973
6      0.770
8      0.838
       ...  
197    0.806
198    1.129
199    0.767
200    0.608
201    0.748
Name: RT, Length: 173, dtype: float64",1019,RMT,Session 2,0.8988837965443144,0.8988837965443144,1.2471900207916353,0.26107349112838696,1.2009631321770928,0.22800137037699084
19,1020_class_pictures_part_2.dat,2.7492032438177505,-3.3135438592030786,0.5962312520065468,1.4399409591068475,0.5444288010749628,0.0121631406886989,1.835036441110178,0.985,6.648668907495741,0.7906350000000001,0.7891573604060914,0.8876666666666667,"106    1.022
139    0.639
181    1.002
Name: RT, dtype: float64","1      0.765
2      0.913
3      0.813
4      0.730
5      1.190
       ...  
197    1.118
198    0.810
199    0.776
200    0.632
201    0.693
Name: RT, Length: 197, dtype: float64",1020,RMT,Session 2,0.835036441110178,0.835036441110178,1.1525516474185051,0.15791878489426148,1.4480135680372508,0.5854559545004601
8,1021_class_pictures_part_2.dat,4.512844780730839,-4.581093493241455,0.4815992126846488,1.82157783271512,0.5004936779531944,0.0116163642109547,1.800359229090936,1.0,6.550075240580079,0.706185,0.706185,,"Series([], Name: RT, dtype: float64)","1      0.689
2      0.748
3      0.768
4      0.620
5      0.723
       ...  
197    0.740
198    0.718
199    0.716
200    0.813
201    0.681
Name: RT, Length: 200, dtype: float64",1021,RMT,Session 2,0.800359229090936,0.800359229090936,1.107597905545399,0.1102876078172521,1.5707963267948966,0.7962472900409383
304,1022_class_pictures_part_2.dat,2.048619837643092,-2.9819013935327248,0.5976659286453395,1.005848511693241,0.4710136530840552,0.0131988549968722,1.8747937349883328,0.935,6.4650991271502285,0.660095,0.6545989304812834,0.7391538461538462,"12     0.663
19     0.875
33     1.009
61     0.572
66     0.684
71     0.990
81     0.733
85     0.993
89     0.566
92     0.679
111    0.598
159    0.652
171    0.595
Name: RT, dtype: float64","1      0.761
2      0.747
3      0.568
4      0.588
5      0.531
       ...  
197    0.548
198    0.565
199    0.620
200    0.613
201    0.594
Name: RT, Length: 187, dtype: float64",1022,RMT,Session 2,0.8747937349883328,0.8747937349883328,1.209117469671289,0.21911248606551015,1.3129993236718513,0.3792798902448825
115,1023_class_pictures_part_2.dat,4.084015019285348,-2.742826645170631,0.3485039065958378,1.1943104922064014,0.5202016849195265,0.0186248184818238,1.85598041122932,0.98,6.527261476486766,0.69595,0.6933775510204082,0.8220000000000001,"49     1.054
82     0.942
168    0.688
194    0.604
Name: RT, dtype: float64","1      0.648
2      0.691
3      0.720
4      0.540
5      0.619
       ...  
197    0.836
198    0.622
199    0.771
200    0.604
201    0.689
Name: RT, Length: 196, dtype: float64",1023,RMT,Session 2,0.8559804112293199,0.8559804112293199,1.1815414604062346,0.18910708082307182,1.428899272190733,0.5546535478188402
24,1024_class_pictures_part_2.dat,2.631520874680662,-2.4481266747991905,0.4511773195043305,0.8347504608929719,0.4894642132390669,0.0346204528571377,1.5734175564223916,0.92,6.469328209120705,0.6522950000000001,0.6546195652173913,0.6255625,"2      0.543
18     0.570
33     1.157
66     0.673
80     0.475
83     0.609
89     0.585
91     0.777
127    0.487
129    0.679
159    0.455
166    0.598
168    0.645
174    0.605
191    0.449
197    0.702
Name: RT, dtype: float64","1      0.692
3      0.604
4      0.600
5      0.660
6      0.626
       ...  
196    0.695
198    0.577
199    0.617
200    0.639
201    0.636
Name: RT, Length: 184, dtype: float64",1024,RMT,Session 2,0.5734175564223916,0.5734175564223916,0.8590821332981813,-0.13609607053134132,1.2840397745833483,0.33847743566342803
230,1025_class_pictures_part_2.dat,1.5772760449041543,-2.0353669234412,0.494242460705845,0.8527397513591598,0.5572326982994406,0.031703545415422,1.7393327512534449,0.86,6.606226319516352,0.75601,0.7510232558139535,0.786642857142857,"17     0.792
19     1.378
35     0.585
54     0.754
64     0.640
66     0.838
79     1.087
108    0.555
110    0.734
111    0.523
118    1.166
122    0.703
125    1.578
126    0.640
128    0.752
129    0.934
141    0.594
145    0.744
146    0.735
159    0.872
162    0.538
166    0.568
168    0.717
184    0.708
186    0.849
189    0.651
191    0.703
195    0.688
Name: RT, dtype: float64","1      0.886
2      0.727
3      0.525
4      0.583
5      0.671
       ...  
197    0.791
198    0.777
199    0.719
200    0.703
201    0.685
Name: RT, Length: 172, dtype: float64",1025,RMT,Session 2,0.7393327512534449,0.7393327512534449,1.0349652374752945,0.035252770702701934,1.1872993228639632,0.21075504549073806
117,1026_class_pictures_part_2.dat,2.1732126954642794,-1.7805748098667644,0.4992846942858961,1.20970248895947,0.5529201516765,0.0313868165979533,1.7926901346336075,0.9242424242424242,6.691037360292695,0.8475,0.8328306010928963,1.0264666666666666,"35     0.915
51     0.717
80     0.764
102    0.763
103    0.623
137    2.146
140    0.874
145    0.692
148    1.069
168    1.605
169    1.640
173    0.828
176    0.951
191    1.003
194    0.807
Name: RT, dtype: float64","2      0.923
3      0.768
4      0.819
5      1.043
6      0.885
       ...  
197    0.837
198    1.242
199    0.717
200    0.678
201    0.756
Name: RT, Length: 183, dtype: float64",1026,RMT,Session 2,0.7926901346336075,0.7926901346336075,1.0980726669968583,0.10031075888574323,1.2919560119251967,0.3495124450025449
140,1027_class_pictures_part_2.dat,2.0647637860519046,-2.0351917319242103,0.5566942206511745,2.1508079452825246,0.5091725546891477,0.0301661307758154,1.9414709824329075,0.984126984126984,6.903422888100833,1.0426455026455026,1.0435967741935483,0.9836666666666668,"69     1.004
118    1.205
163    0.742
Name: RT, dtype: float64","1      1.137
2      0.907
3      1.056
4      0.852
5      1.299
       ...  
197    1.244
198    2.045
199    0.747
200    0.821
201    0.714
Name: RT, Length: 186, dtype: float64",1027,RMT,Session 2,0.9414709824329075,0.9414709824329075,1.3264442376173216,0.3503697667937572,1.4444724636526138,0.5797089592366244
7,2001_class_pictures_part_2.dat,3.299267536413822,-2.53822918661759,0.5619435734696494,1.614203354853224,0.505947811310307,-0.0044021860573101,1.9408648798023924,0.99,6.661341414535349,0.815415,0.8146919191919192,0.887,"106    0.652
150    1.122
Name: RT, dtype: float64","1      0.989
2      0.824
3      0.612
4      0.786
5      1.068
       ...  
197    0.760
198    0.681
199    0.697
200    0.656
201    0.662
Name: RT, Length: 198, dtype: float64",2001,RMT,Session 2,0.9408648798023924,0.9408648798023924,1.3251563530521835,0.34889800050575814,1.4706289056333368,0.6225956170083452
147,2002_class_pictures_part_2.dat,1.9339715664668296,-1.3846407734842243,0.5288653510187568,1.6261413556856636,0.5025562774106158,0.0242152702724821,1.9371600191812504,0.9246231155778896,6.788300916673611,0.9755577889447238,0.9345489130434782,1.4785999999999997,"1      1.350
11     2.030
21     2.228
81     0.878
89     0.728
127    1.159
139    1.712
141    1.211
142    1.312
160    2.135
164    1.286
168    1.101
171    1.583
186    2.170
196    1.296
Name: RT, dtype: float64","2      1.448
3      0.757
4      0.929
5      0.782
6      0.786
       ...  
197    0.911
198    0.970
199    1.456
200    0.831
201    0.629
Name: RT, Length: 184, dtype: float64",2002,RMT,Session 2,0.9371600191812504,0.9371600191812504,1.3174146991616444,0.3400652810869193,1.2926761883604896,0.35052076933570064
95,2003_class_pictures_part_2.dat,0.6201744143706701,-1.8198633866091627,0.5351735400969034,1.1609220064439705,0.5325398005889413,0.0454826087555785,1.9011765540414216,0.8,6.705105679569023,0.85793,0.8483750000000001,0.8961500000000001,"2      0.729
5      1.007
30     0.796
33     0.888
35     0.927
43     1.368
47     0.858
50     0.794
62     0.963
63     0.833
69     0.982
70     0.878
71     0.624
80     0.828
85     1.055
91     0.930
92     0.762
102    1.506
105    0.845
108    0.916
110    0.769
111    0.694
122    1.766
125    1.123
126    0.962
128    0.864
144    0.957
147    0.737
159    0.622
160    0.983
168    0.655
173    0.522
176    0.857
177    1.606
184    0.684
185    0.633
191    0.674
193    0.958
194    0.590
201    0.701
Name: RT, dtype: float64","1      0.990
3      0.604
4      0.728
6      0.707
7      0.883
       ...  
196    0.920
197    1.110
198    0.810
199    0.728
200    0.640
Name: RT, Length: 160, dtype: float64",2003,RMT,Session 2,0.9011765540414216,0.9011765540414216,1.2510118548340734,0.26531954886693737,1.1071487177940904,0.11476506854277217
212,2004_class_pictures_part_2.dat,4.34905699251549,-3.437888438950886,0.4647564715638037,1.645117883900461,0.4320093100124145,0.0152674648272763,1.4734714128185131,0.975,6.462976886008764,0.649465,0.6479794871794872,0.7074,"7      1.193
66     0.519
85     0.754
125    0.644
159    0.427
Name: RT, dtype: float64","1      0.899
2      0.741
3      1.324
4      0.615
5      0.844
       ...  
197    0.654
198    0.745
199    0.663
200    0.791
201    0.659
Name: RT, Length: 195, dtype: float64",2004,RMT,Session 2,0.4734714128185131,0.4734714128185131,0.7588571138116981,-0.2267395173738917,1.4120161121491357,0.5278925046906134
192,2005_class_pictures_part_2.dat,2.167294266274672,-1.7538512007853848,0.4207616175221616,1.6699544712584653,0.2721705309012589,0.0281493884971948,0.9969005101613408,0.8412698412698413,6.491332908094317,0.6701058201058201,0.6844528301886792,0.5940666666666667,"2      0.633
70     1.993
82     0.899
87     0.951
91     1.042
110    0.603
111    0.541
112    0.258
113    0.256
115    0.236
128    0.673
129    0.298
133    0.450
139    0.440
144    0.434
150    0.563
159    0.532
164    0.514
168    0.843
176    0.392
180    0.280
181    0.414
182    0.349
186    0.833
190    0.351
191    0.586
193    0.694
199    0.609
200    0.495
201    0.660
Name: RT, dtype: float64","1      0.671
3      0.557
4      0.554
5      0.677
6      0.634
       ...  
194    1.056
195    0.596
196    0.632
197    0.655
198    0.698
Name: RT, Length: 159, dtype: float64",2005,RMT,Session 2,-0.003099489838659153,0.0,0.0,-0.6787746193789329,1.1610141629607662,0.17830439096474884
46,2006_class_pictures_part_2.dat,1.694242769753876,-3.094580337680092,0.6281125823875395,1.225039628330734,0.515070400420026,0.0039559115995888,1.9175197882907653,0.955,6.593371391078815,0.7663899999999999,0.750560209424084,1.1023333333333332,"17     1.024
36     1.090
69     0.818
105    1.828
110    1.042
122    1.698
133    0.658
140    0.993
187    0.770
Name: RT, dtype: float64","1      0.749
2      0.735
3      0.542
4      0.642
5      0.583
       ...  
197    0.819
198    0.719
199    0.782
200    0.750
201    0.644
Name: RT, Length: 191, dtype: float64",2006,RMT,Session 2,0.9175197882907653,0.9175197882907653,1.27950052035571,0.29716336234852475,1.357040194322462,0.4436308648622295
74,2007_class_pictures_part_2.dat,4.2309541915146,-2.3642136931017004,0.5090693963041576,1.5916709539161658,0.4669584758763668,0.0033425553745696,1.8890962296531564,0.9899497487437184,6.5693917158760735,0.7422964824120603,0.7426243654822337,0.71,"18     0.543
106    0.877
Name: RT, dtype: float64","1      0.961
2      0.603
3      0.512
4      0.747
5      0.604
       ...  
197    0.685
198    0.709
199    0.668
200    0.621
201    0.545
Name: RT, Length: 197, dtype: float64",2007,RMT,Session 2,0.8890962296531564,0.8890962296531564,1.2312894292673133,0.24347409969869555,1.4703766968142256,0.6221772629954145
208,2008_class_pictures_part_2.dat,1.1269861164121031,-2.181454781199148,0.5925147877754234,0.8824971396766594,0.6364083493678363,0.0659244850726287,1.9165532493263528,0.825,6.682830812763843,0.829735,0.8115151515151515,0.9156285714285712,"2      0.764
5      1.460
12     0.871
15     0.771
17     0.732
25     0.915
35     0.796
42     0.788
47     0.901
49     0.863
52     0.883
57     0.747
63     0.797
66     0.885
72     1.156
77     0.875
79     0.892
80     0.724
85     0.560
92     1.405
105    1.660
144    0.683
152    0.810
162    0.695
163    0.806
167    0.867
168    1.075
175    0.741
178    0.967
181    1.052
186    0.832
187    1.243
195    0.822
199    0.868
200    1.141
Name: RT, dtype: float64","1      0.881
3      1.136
4      0.716
6      0.670
7      0.799
       ...  
194    0.763
196    1.099
197    0.668
198    0.869
201    0.609
Name: RT, Length: 165, dtype: float64",2008,RMT,Session 2,0.9165532493263528,0.9165532493263528,1.2777484387988647,0.29519516020237846,1.139190381760126,0.1520837236956993
31,2009_class_pictures_part_2.dat,4.601654380875426,-3.1124013635038263,0.5150677858079512,1.419217767330533,0.5619822362242165,0.0065680687995732,1.8222942150853776,0.99,6.614085561550397,0.7611950000000001,0.7560757575757574,1.268,"175    1.166
181    1.370
Name: RT, dtype: float64","1      0.805
2      0.825
3      0.740
4      0.617
5      0.830
       ...  
197    0.774
198    0.779
199    0.673
200    0.800
201    0.685
Name: RT, Length: 198, dtype: float64",2009,RMT,Session 2,0.8222942150853776,0.8222942150853776,1.135640578544516,0.13989537124532664,1.4706289056333368,0.6225956170083452
92,2010_class_pictures_part_2.dat,2.202028406368416,-1.7667456045785253,0.5153466325268331,1.443516648366173,0.5830187043263033,0.0375994657093593,1.7956720404190465,0.9438775510204082,6.806261632372897,0.9478214285714284,0.9365243243243244,1.137818181818182,"4      0.784
18     1.249
31     0.798
47     1.049
70     1.827
76     1.820
82     1.074
85     0.877
95     0.682
127    1.400
168    0.956
Name: RT, dtype: float64","1      0.847
2      0.767
3      0.717
5      0.790
6      0.875
       ...  
197    0.870
198    0.939
199    0.838
200    0.831
201    0.949
Name: RT, Length: 185, dtype: float64",2010,RMT,Session 2,0.7956720404190465,0.7956720404190465,1.1017604389753364,0.10416853676440378,1.3316207308875498,0.40614897374983755
30,2011_class_pictures_part_2.dat,1.0414597849949705,-1.115009229727924,0.5665733995824734,1.1128580095901293,0.535239859385071,0.0113150793015525,1.8935994822216933,0.788659793814433,6.687241035691086,0.8641237113402062,0.8447647058823529,0.9363658536585364,"11     0.965
20     0.639
25     0.909
33     0.903
35     0.670
57     0.793
64     0.650
69     0.890
71     0.638
76     0.810
79     1.763
85     0.990
89     1.129
92     0.946
94     0.555
103    0.961
104    0.596
105    1.600
108    0.900
119    0.731
121    0.834
126    0.834
127    0.797
138    0.754
139    0.703
148    0.790
156    1.238
157    0.742
160    1.885
164    0.670
168    1.462
173    0.738
174    0.662
179    0.935
184    0.764
193    2.405
194    1.022
196    0.735
198    0.627
199    0.968
201    0.788
Name: RT, dtype: float64","1      0.893
2      1.008
3      0.709
4      0.690
5      0.766
       ...  
191    0.753
192    0.958
195    0.972
197    0.736
200    0.655
Name: RT, Length: 153, dtype: float64",2011,RMT,Session 2,0.8935994822216933,0.8935994822216933,1.2385250420331146,0.25146950483916847,1.0931192294401528,0.09886362394152165
178,2012_class_pictures_part_2.dat,2.3560578873301417,-2.291131978426757,0.5807399044368321,0.8442028059247111,0.4839765937469703,0.015413661783319,1.5348867322118658,0.92,6.4835662039189685,0.66173,0.6652717391304348,0.621,"4      0.767
18     0.514
33     0.518
35     0.639
53     0.577
70     0.561
80     0.686
94     0.528
105    0.659
127    0.505
128    0.688
164    0.566
169    0.963
176    0.655
198    0.506
201    0.604
Name: RT, dtype: float64","1      0.876
2      0.647
3      0.781
5      0.573
6      0.593
       ...  
195    0.795
196    0.631
197    0.574
199    0.705
200    0.663
Name: RT, Length: 184, dtype: float64",2012,RMT,Session 2,0.5348867322118658,0.5348867322118658,0.8203132645269637,-0.17178760589272135,1.2840397745833483,0.33847743566342803
413,2013_class_pictures_part_2.dat,1.093854928076813,-1.8101273738061168,0.5878436098073707,1.3459301745171952,0.5233713977152088,0.0177244835894688,1.9122236625136988,0.8775510204081632,6.745068306180254,0.9084081632653062,0.8883779069767442,1.051958333333333,"26     1.657
33     0.772
35     1.339
54     0.837
70     1.206
71     0.593
81     0.946
110    0.732
127    1.538
128    0.715
131    1.210
133    0.723
135    1.032
139    1.434
140    0.666
141    1.237
164    1.210
168    2.072
176    0.964
184    0.817
187    0.969
194    0.923
195    0.828
197    0.827
Name: RT, dtype: float64","1      1.304
2      0.763
3      0.856
4      0.653
5      0.908
       ...  
196    0.706
198    0.893
199    0.802
200    0.733
201    0.697
Name: RT, Length: 172, dtype: float64",2013,RMT,Session 2,0.9122236625136988,0.9122236625136988,1.2700106338052128,0.28651817449982503,1.2133030377764573,0.24379961370235784
93,2014_class_pictures_part_2.dat,3.1696899349302874,-3.3848819098738923,0.5219443678837492,1.043672192633604,0.5609039634736924,0.0407952256088027,1.8820141505473151,0.97,6.566220532488292,0.7231749999999999,0.7186185567010308,0.8704999999999999,"15     0.756
33     0.757
49     1.277
81     0.799
106    0.908
144    0.726
Name: RT, dtype: float64","1      1.121
2      0.746
3      0.575
4      0.580
5      0.778
       ...  
197    0.940
198    0.685
199    0.644
200    0.701
201    0.745
Name: RT, Length: 194, dtype: float64",2014,RMT,Session 2,0.8820141505473151,0.8820141505473151,1.2201651139684793,0.23122498520523863,1.3967133161584162,0.5039964828878064
237,2015_class_pictures_part_2.dat,2.4074843891968967,-3.254504330635174,0.5783702975825442,1.1679209473492715,0.5750507145214621,0.0282270094549049,1.9030099953964992,0.965,6.641898153608105,0.78193,0.7776683937823834,0.8994285714285714,"8      1.096
35     0.697
159    1.033
168    0.704
184    0.765
191    0.866
197    1.135
Name: RT, dtype: float64","1      1.165
2      0.912
3      0.733
4      0.746
5      0.702
       ...  
196    0.719
198    0.698
199    0.728
200    0.720
201    0.773
Name: RT, Length: 193, dtype: float64",2015,RMT,Session 2,0.9030099953964992,0.9030099953964992,1.254096530543635,0.26875110425707444,1.3826045856360323,0.4822673334527982
56,2016_class_pictures_part_2.dat,1.338807825200682,-1.0546697979639998,0.3272280072231587,0.7293309011538011,0.4982930759486884,0.1380748766362806,1.8385349631904475,0.695,6.471383986167217,0.6583850000000001,0.6675179856115108,0.6375737704918034,"1      0.713
7      0.855
11     0.859
35     0.721
45     0.721
       ...  
195    0.453
197    0.395
198    0.757
199    0.604
201    0.481
Name: RT, Length: 61, dtype: float64","2      1.075
3      0.528
4      0.628
5      0.627
6      0.581
       ...  
189    0.777
192    0.596
193    0.835
196    0.907
200    0.524
Name: RT, Length: 139, dtype: float64",2016,RMT,Session 2,0.8385349631904475,0.8385349631904475,1.1572850567207391,0.1629860770548427,0.9857139597481341,-0.014152314504494994
303,2017_class_pictures_part_2.dat,3.797590228431495,-3.3824409875568864,0.4784492870596313,1.33731825270722,0.547613578333031,0.0248035305548841,1.83591060498264,0.984924623115578,6.589840692767037,0.7392010050251256,0.7373928571428571,0.8573333333333334,"61     0.680
149    0.902
168    0.990
Name: RT, dtype: float64","1      0.911
2      0.833
3      0.630
4      0.746
5      0.775
       ...  
197    0.750
198    0.728
199    0.679
200    0.712
201    0.700
Name: RT, Length: 196, dtype: float64",2017,RMT,Session 2,0.8359106049826399,0.8359106049826399,1.1537305528301505,0.1591799280797314,1.4477038915894178,0.584952631648664
135,2018_class_pictures_part_2.dat,2.0259729321818827,-3.055743740509368,0.630392848434937,1.057855260401598,0.58745771995127,0.0352117930345549,1.87426282829726,0.935,6.643520632004645,0.7837949999999999,0.7789732620320856,0.8531538461538459,"12     1.113
33     0.838
49     0.824
85     0.859
91     0.762
117    0.745
130    1.065
140    0.760
146    1.001
168    0.689
171    0.929
191    0.617
197    0.889
Name: RT, dtype: float64","1      0.796
2      1.200
3      0.629
4      0.809
5      0.909
       ...  
196    0.703
198    0.745
199    0.657
200    0.721
201    0.681
Name: RT, Length: 187, dtype: float64",2018,RMT,Session 2,0.87426282829726,0.87426282829726,1.2083161079832048,0.21823591304828252,1.3129993236718513,0.3792798902448825
289,2019_class_pictures_part_2.dat,4.287504563069008,-3.904934928613101,0.5521938639927826,1.4932152248103907,0.4803713645529152,0.0199224873211045,1.6619200814550077,0.985,6.494673710172149,0.6671,0.6688426395939087,0.5526666666666666,"66     0.519
150    0.549
183    0.590
Name: RT, dtype: float64","1      0.789
2      0.711
3      0.549
4      0.601
5      0.549
       ...  
197    0.721
198    0.641
199    0.570
200    0.544
201    0.657
Name: RT, Length: 197, dtype: float64",2019,RMT,Session 2,0.6619200814550077,0.6619200814550077,0.9502909493609184,-0.04911915855373669,1.4480135680372508,0.5854559545004601
78,2020_class_pictures_part_2.dat,0.932182894750082,-1.058310049256011,0.4710182142830942,0.7210743191688157,0.5091484335546641,0.055117820247248,1.8196951701167552,0.695,6.501217172144338,0.68584,0.678748201438849,0.702,"8      1.016
11     0.694
18     0.528
20     0.752
22     0.696
       ...  
191    0.506
195    0.738
197    0.635
199    0.562
201    0.656
Name: RT, Length: 61, dtype: float64","1      0.916
2      0.727
3      0.525
4      0.631
5      0.606
       ...  
193    1.088
194    0.730
196    1.087
198    0.752
200    0.538
Name: RT, Length: 139, dtype: float64",2020,RMT,Session 2,0.8196951701167552,0.8196951701167552,1.1322507069277126,0.13629772375329977,0.9857139597481341,-0.014152314504494994
287,3002_class_pictures_part_2.dat,1.6173790362709708,-2.8766993443229976,0.5618081764890799,1.112798422036937,0.4809333356298564,0.0086276360932037,1.936846006930632,0.93,6.532497448658839,0.714805,0.7042741935483872,0.8547142857142856,"26     0.492
33     0.911
44     0.934
55     1.528
82     0.922
83     0.953
95     0.590
126    0.601
162    0.798
163    0.701
168    0.754
174    1.175
186    0.769
201    0.838
Name: RT, dtype: float64","1      0.709
2      0.624
3      0.572
4      0.553
5      0.614
       ...  
196    0.992
197    0.606
198    0.970
199    0.704
200    0.959
Name: RT, Length: 186, dtype: float64",3002,RMT,Session 2,0.9368460069306319,0.9368460069306319,1.3167684700227882,0.3393290842178897,1.303032999637703,0.36510304786880404
396,3003_class_pictures_part_2.dat,2.4279872224385763,-2.9021632869562803,0.6088905724189482,1.3077582744952845,0.4794968145964784,0.0181936267430723,1.7778094892330805,0.964824120603015,6.552274300872572,0.724608040201005,0.7185625,0.8904285714285713,"19     0.901
34     0.968
41     1.016
43     0.643
82     0.518
91     0.621
106    1.566
Name: RT, dtype: float64","1      1.032
2      1.164
3      0.592
4      0.692
5      0.587
       ...  
197    0.724
198    0.630
199    1.371
200    0.676
201    0.665
Name: RT, Length: 192, dtype: float64",3003,RMT,Session 2,0.7778094892330805,0.7778094892330805,1.0799517880707072,0.08144373042324941,1.382126657603875,0.48153633362483067
129,3004_class_pictures_part_2.dat,4.231982529961195,-3.91772318296931,0.5307651668112937,1.4812589281581845,0.4359018135263408,0.0116905300842548,1.5992130663798028,0.985,6.416949423895481,0.62274,0.6211573604060914,0.7266666666666667,"15     0.493
85     1.239
108    0.448
Name: RT, dtype: float64","1      0.680
2      0.707
3      0.463
4      0.508
5      0.595
       ...  
197    0.580
198    0.726
199    0.596
200    0.613
201    0.592
Name: RT, Length: 197, dtype: float64",3004,RMT,Session 2,0.5992130663798028,0.5992130663798028,0.885274094315224,-0.11154582935581082,1.4480135680372508,0.5854559545004601
329,3005_class_pictures_part_2.dat,1.7397531921078275,-1.8339308242170456,0.5920352276506919,1.2540957723684365,0.5279383329168885,0.0018564955410843,1.9125749105054943,0.9095477386934674,6.676752763947704,0.8490201005025125,0.8282541436464088,1.0578333333333336,"19     1.878
51     0.829
70     0.752
104    0.651
105    0.892
110    1.549
111    0.952
125    1.088
168    0.948
175    0.662
182    0.681
186    1.072
187    2.011
189    0.850
192    1.004
193    1.692
196    0.931
198    0.599
Name: RT, dtype: float64","1      1.353
2      0.741
3      0.642
4      0.996
5      1.085
       ...  
195    0.711
197    0.660
199    1.077
200    1.287
201    0.987
Name: RT, Length: 181, dtype: float64",3005,RMT,Session 2,0.9125749105054943,0.9125749105054943,1.2706318428498034,0.28721386190403453,1.2653144004758605,0.31272844370898134
213,3006_class_pictures_part_2.dat,3.510912944516431,-4.662546114121203,0.5948518308908858,1.606970916857393,0.5139134634682568,0.0298453698836538,1.8285553844880365,0.995,6.552986119160207,0.713525,0.708537688442211,1.706,"160    1.706
Name: RT, dtype: float64","1      0.933
2      0.817
3      0.638
4      0.681
5      0.790
       ...  
197    0.614
198    0.650
199    0.600
200    0.552
201    0.701
Name: RT, Length: 199, dtype: float64",3006,RMT,Session 2,0.8285553844880365,0.8285553844880365,1.143887867414039,0.14866938446868175,1.5000265901326824,0.6720058758796273
336,3007_class_pictures_part_2.dat,0.6755479578552643,-1.6455848200418577,0.4548164230139584,1.0694972373878973,0.5395747859240985,0.0367661102686024,1.9023189205353848,0.7688442211055276,6.675321265213738,0.8260201005025125,0.818,0.8526956521739131,"5      0.939
12     1.278
15     2.061
26     1.753
33     0.812
35     0.770
43     0.818
44     0.802
47     0.747
49     0.758
50     1.013
51     1.276
53     0.677
54     0.675
55     0.499
57     0.741
61     0.628
62     0.604
68     0.653
69     0.532
80     0.679
83     0.794
85     0.560
89     0.805
92     0.798
103    0.671
110    0.748
111    0.648
122    0.844
125    0.807
128    0.828
130    1.036
134    1.286
141    0.790
163    0.678
165    0.539
166    1.002
168    0.947
174    1.314
175    0.821
182    0.764
183    0.852
185    0.771
191    0.669
195    0.773
197    0.764
Name: RT, dtype: float64","1      0.953
2      0.772
3      0.858
4      0.844
6      1.077
       ...  
196    0.851
198    0.638
199    0.756
200    0.692
201    0.769
Name: RT, Length: 153, dtype: float64",3007,RMT,Session 2,0.9023189205353848,0.9023189205353848,1.252930803571208,0.26745381821701275,1.0692447187446872,0.07241353252441306
29,3008_class_pictures_part_2.dat,3.7044541840412974,-3.135366420462653,0.5311231902426037,1.5993994867080912,0.4910345359503943,0.0123275969531867,1.7938403024456542,0.99,6.578842898351934,0.73843,0.7357272727272729,1.006,"89     0.725
141    1.287
Name: RT, dtype: float64","1      0.681
2      0.747
3      0.584
4      0.709
5      0.700
       ...  
197    0.811
198    0.742
199    0.596
200    0.732
201    0.658
Name: RT, Length: 198, dtype: float64",3008,RMT,Session 2,0.7938403024456542,0.7938403024456542,1.099492756144291,0.10179558923194372,1.4706289056333368,0.6225956170083452
280,3009_class_pictures_part_2.dat,3.3117339203678418,-3.442163942357406,0.5632204377253833,1.385750571639894,0.506358366596263,0.0157163511137791,1.834385966610476,0.985,6.559937214669371,0.71819,0.7181421319796953,0.7213333333333333,"41     0.984
89     0.525
106    0.655
Name: RT, dtype: float64","1      0.713
2      0.700
3      0.608
4      0.732
5      0.635
       ...  
197    0.691
198    0.701
199    0.660
200    0.621
201    0.681
Name: RT, Length: 197, dtype: float64",3009,RMT,Session 2,0.834385966610476,0.834385966610476,1.151676037563165,0.15698248945595988,1.4480135680372508,0.5854559545004601
310,3010_class_pictures_part_2.dat,2.0085183619335782,-1.5210161988976747,0.5244095277243981,1.4942701032847878,0.525655163104064,0.0153240913920748,1.9144160515884143,0.9230769230769232,6.768652596032108,0.9349179487179484,0.9095722222222224,1.2390666666666668,"17     2.294
19     0.769
35     0.991
67     1.506
90     0.610
106    1.762
128    1.407
135    0.983
150    0.763
160    1.073
167    1.201
171    2.113
176    0.690
196    1.119
198    1.305
Name: RT, dtype: float64","1      1.101
2      0.831
3      0.652
4      0.665
5      0.717
       ...  
195    1.075
197    0.765
199    0.691
200    1.099
201    0.818
Name: RT, Length: 180, dtype: float64",3010,RMT,Session 2,0.9144160515884143,0.9144160515884143,1.2739066843785107,0.29088399287264627,1.2897614252920833,0.3464443348090209
232,3011_class_pictures_part_2.dat,0.9351150407550316,-1.7847819447244082,0.5082426399300463,1.27444930018774,0.4827876872622338,0.050621509111487,1.8103945319789043,0.837696335078534,6.702604061927147,0.8611623036649216,0.84565,0.9412258064516128,"26     0.612
53     0.546
54     0.762
85     0.740
89     0.993
92     0.670
105    0.819
112    1.466
116    0.616
128    0.702
144    1.506
146    2.108
159    0.639
162    0.747
165    1.047
166    1.237
168    1.374
173    1.052
175    1.096
176    0.959
177    1.404
178    1.058
183    0.726
184    0.764
185    0.938
186    0.850
191    1.018
195    0.665
197    0.398
199    1.007
201    0.659
Name: RT, dtype: float64","1      1.340
2      1.040
3      0.611
4      0.761
5      0.719
       ...  
192    0.727
193    1.733
196    0.464
198    0.777
200    0.598
Name: RT, Length: 160, dtype: float64",3011,RMT,Session 2,0.8103945319789043,0.8103945319789043,1.1202725586232065,0.12362625049622596,1.1561466817387591,0.17239963835418
104,3013_class_pictures_part_2.dat,4.0793433981265546,-4.527485665103657,0.552190030744027,1.6507628945393815,0.493200948277177,0.0089468239044397,1.7444940114639804,1.0,6.522521910845653,0.6911849999999999,0.6911849999999999,,"Series([], Name: RT, dtype: float64)","1      0.622
2      0.707
3      0.662
4      0.618
5      0.701
       ...  
197    0.707
198    0.669
199    0.635
200    0.629
201    0.714
Name: RT, Length: 200, dtype: float64",3013,RMT,Session 2,0.7444940114639804,0.7444940114639804,1.0408627821494778,0.041255093561255424,1.5707963267948966,0.7962472900409383
198,3015_class_pictures_part_2.dat,2.298857621483395,-1.6913425931411885,0.6455748628806947,1.0041528345908768,0.6388876182972862,0.0549172144531408,1.804832546021259,0.865,6.728274176077507,0.8633799999999999,0.8534971098265894,0.9267037037037036,"4      0.770
7      1.244
18     0.850
27     0.849
39     1.056
45     0.994
79     0.808
84     1.090
104    0.689
106    1.075
110    0.767
113    0.991
121    0.746
123    0.984
125    1.195
131    1.199
138    0.867
139    0.816
141    0.763
144    1.182
161    1.162
169    0.868
170    0.818
181    0.721
191    0.834
195    0.796
197    0.887
Name: RT, dtype: float64","1      0.879
2      0.737
3      0.567
5      0.630
6      0.650
       ...  
196    0.768
198    0.794
199    0.929
200    1.175
201    0.981
Name: RT, Length: 173, dtype: float64",3015,RMT,Session 2,0.8048325460212591,0.8048325460212591,1.113217168536229,0.11619238444844139,1.1945591387132282,0.21988606516581607
273,3016_class_pictures_part_2.dat,1.6337170100185412,-1.9124672130874856,0.4619616111196758,1.2876981170082895,0.5999385424264075,0.0189052333671012,1.8713732477304863,0.914141414141414,6.801641785071246,0.9335858585858584,0.9353812154696132,0.914470588235294,"1      0.837
5      1.102
7      0.868
15     0.982
17     1.135
32     1.071
35     0.681
49     0.810
50     0.827
57     0.829
63     0.704
81     0.794
89     0.731
105    0.869
130    0.751
133    0.672
141    1.883
Name: RT, dtype: float64","2      1.576
3      1.981
4      1.337
6      1.131
8      0.863
       ...  
197    1.189
198    1.737
199    1.055
200    0.791
201    1.124
Name: RT, Length: 181, dtype: float64",3016,RMT,Session 2,0.8713732477304863,0.8713732477304863,1.2039796347528104,0.21349721692859303,1.2734161761587834,0.3238081566902748
407,3017_class_pictures_part_2.dat,1.8423725846688463,-3.384870005707612,0.5773883544200733,0.8781004879497237,0.6520856859369089,0.0404604386907964,1.8319153247897788,0.925,6.67939363800711,0.81296,0.8053999999999998,0.9062,"43     0.807
49     0.911
71     1.165
91     1.033
110    0.894
111    0.819
118    1.342
147    1.098
150    0.873
162    0.744
163    0.735
175    0.734
184    0.804
195    0.961
198    0.673
Name: RT, dtype: float64","1      0.845
2      0.863
3      0.716
4      0.735
5      0.893
       ...  
196    0.838
197    0.750
199    0.808
200    1.463
201    0.795
Name: RT, Length: 185, dtype: float64",3017,RMT,Session 2,0.8319153247897788,0.8319153247897788,1.1483627551295386,0.15344262429855146,1.293390810304861,0.3515220458003606
80,3018_class_pictures_part_2.dat,2.310395052549883,-2.7066894775157064,0.5535997253572436,1.343872210334648,0.5358570570018294,0.0248725486784511,1.846619630027908,0.97,6.646587637291863,0.8060950000000001,0.7917164948453608,1.2709999999999997,"81     1.134
92     1.021
94     2.292
160    0.867
192    1.451
194    0.861
Name: RT, dtype: float64","1      0.680
2      0.715
3      0.592
4      0.626
5      0.715
       ...  
197    0.779
198    0.676
199    0.715
200    0.916
201    0.809
Name: RT, Length: 194, dtype: float64",3018,RMT,Session 2,0.8466196300279081,0.8466196300279081,1.1683851382027295,0.17490760049592016,1.3967133161584162,0.5039964828878064
94,3019_class_pictures_part_2.dat,0.8717043541666979,-2.0531851195722366,0.537050522646286,1.039936279980405,0.5871252287662103,0.0484331427216634,1.8662683225014924,0.8241206030150754,6.7067151284123065,0.8527738693467336,0.8365670731707319,0.9287142857142858,"12     0.873
30     0.957
34     1.699
35     1.145
49     0.737
54     0.801
57     0.831
58     0.833
69     0.851
71     1.471
77     1.231
80     0.790
85     0.699
87     0.840
89     0.670
110    0.733
111    1.204
117    0.833
118    1.198
122    0.965
126    0.633
128    0.985
144    0.770
159    0.504
168    0.941
176    0.817
177    1.150
178    2.059
186    0.802
187    0.788
188    0.864
191    0.578
194    0.879
197    0.791
199    0.583
Name: RT, dtype: float64","1      0.959
2      1.529
3      0.862
4      0.825
5      0.637
       ...  
195    0.793
196    0.760
198    0.617
200    0.552
201    0.700
Name: RT, Length: 164, dtype: float64",3019,RMT,Session 2,0.8662683225014924,0.8662683225014924,1.1964186087635187,0.2052541917093052,1.1380343223913458,0.15071294179056344
255,3020_class_pictures_part_2.dat,0.9126727618508088,-1.9766068908906864,0.5086087727703169,1.1151155215886008,0.6256070178670529,0.0274396236604099,1.9611143885649085,0.84,6.765126092014471,0.90546,0.8908035714285715,0.98240625,"32     0.918
33     0.918
35     1.486
43     1.214
49     1.281
50     0.753
55     0.783
57     0.837
58     0.775
61     0.661
63     0.732
66     0.936
68     1.217
69     1.066
81     0.849
85     1.021
89     0.730
92     0.881
95     0.833
103    0.817
106    1.386
145    1.399
146    0.958
160    0.845
168    1.013
173    0.978
174    1.092
183    0.845
184    1.004
186    1.250
187    1.156
189    0.803
Name: RT, dtype: float64","1      1.205
2      0.871
3      0.683
4      0.728
5      1.101
       ...  
197    0.862
198    0.881
199    1.007
200    1.127
201    0.796
Name: RT, Length: 168, dtype: float64",3020,RMT,Session 2,0.9611143885649085,0.9611143885649085,1.3723010786802998,0.4032122169111613,1.1592794807274085,0.1761963098427187
344,3021_class_pictures_part_2.dat,1.4833520235251814,-1.6235303135431247,0.4618033916691796,0.7281210125432799,0.5193241925911846,0.0624999465164846,1.7968220972870643,0.795,6.5150721341659015,0.686935,0.6888113207547168,0.6796585365853658,"7      1.102
15     0.723
35     0.658
51     0.653
60     0.660
61     0.578
66     0.701
69     1.068
80     0.717
81     0.693
99     0.914
102    0.788
105    0.790
107    0.590
110    0.580
122    0.954
126    0.580
133    0.620
134    0.671
140    0.483
141    0.622
142    0.661
144    0.549
145    0.469
148    0.565
149    0.785
152    0.497
160    0.579
162    0.640
168    0.619
173    0.669
174    0.521
176    0.652
181    0.916
183    0.710
186    0.726
188    0.668
189    0.593
190    0.716
198    0.598
199    0.588
Name: RT, dtype: float64","1      0.592
2      0.796
3      0.569
4      0.589
5      0.667
       ...  
195    0.651
196    0.819
197    0.812
200    0.677
201    0.585
Name: RT, Length: 159, dtype: float64",3021,RMT,Session 2,0.7968220972870643,0.7968220972870643,1.1031880630113,0.10566361672765369,1.1009275837864592,0.1076810044790476
279,3022_class_pictures_part_2.dat,3.2383265598921707,-3.1834911283304144,0.4684044498747704,1.0113592011725805,0.4825478481454296,0.0264708149296165,1.705272839765215,0.96,6.454163688348046,0.64115,0.643671875,0.5806250000000001,"26     0.485
55     0.477
89     0.570
127    0.567
162    0.651
164    0.590
191    0.577
194    0.728
Name: RT, dtype: float64","1      0.647
2      0.592
3      0.572
4      0.552
5      0.574
       ...  
197    0.736
198    0.778
199    0.840
200    0.599
201    0.732
Name: RT, Length: 192, dtype: float64",3022,RMT,Session 2,0.705272839765215,0.705272839765215,0.9969243731018649,-0.0030733872712454305,1.3694384060045657,0.462250590250809
174,3023_class_pictures_part_2.dat,1.6341188809001357,-2.778102602374671,0.5643943881110881,1.2240024243482943,0.5149385713731108,0.0160599218162037,1.9079975647128096,0.94,6.6125059165898925,0.7829599999999999,0.7649414893617021,1.06525,"18     0.694
30     1.582
59     0.646
61     1.075
67     0.936
82     1.670
85     2.032
87     0.987
164    0.689
176    1.028
191    0.570
194    0.874
Name: RT, dtype: float64","1      0.833
2      0.659
3      0.815
4      0.642
5      0.826
       ...  
197    0.899
198    1.605
199    1.436
200    0.701
201    0.674
Name: RT, Length: 188, dtype: float64",3023,RMT,Session 2,0.9079975647128096,0.9079975647128096,1.262622469045398,0.2782565806122645,1.3233292636244487,0.3941237670739595
69,3024_class_pictures_part_2.dat,1.9118947914328648,-2.067766471614443,0.514086583051735,1.2463573078515071,0.6264047298989164,0.0409935239942133,1.9009418914863123,0.9296482412060302,6.77452998730639,0.9214020100502514,0.8960054054054055,1.257,"18     1.506
53     1.692
58     1.168
61     1.423
70     2.033
81     0.878
91     1.121
113    1.622
126    0.921
140    0.952
186    1.627
193    1.046
196    0.737
197    0.872
Name: RT, dtype: float64","1      0.878
2      0.848
3      0.717
4      0.977
5      1.183
       ...  
194    0.830
195    0.891
199    1.720
200    2.137
201    0.748
Name: RT, Length: 185, dtype: float64",3024,RMT,Session 2,0.9009418914863123,0.9009418914863123,1.2506188937491114,0.2648826855724038,1.302344472665492,0.36412886866364136
225,3025_class_pictures_part_2.dat,3.116765520496334,-2.683693838725988,0.4739742395199184,1.0143026236235206,0.5020801817373256,0.0183884030727557,1.7375743263988328,0.955,6.499855908733109,0.6798599999999999,0.676696335078534,0.747,"47     1.116
49     0.687
81     0.851
85     0.912
89     0.677
140    0.488
191    0.594
192    0.724
199    0.674
Name: RT, dtype: float64","1      0.609
2      1.531
3      0.711
4      0.588
5      0.610
       ...  
196    0.643
197    0.672
198    0.729
200    1.170
201    0.624
Name: RT, Length: 191, dtype: float64",3025,RMT,Session 2,0.7375743263988328,0.7375743263988328,1.0329646462876962,0.03322030554038662,1.357040194322462,0.4436308648622295
23,3026_class_pictures_part_2.dat,0.9650817564057824,-1.9698008443366228,0.5321677690413514,1.4480654650904636,0.5292483289915064,0.0124763346430755,1.9350265847008727,0.8838383838383839,6.793685081129598,0.9575909090909092,0.9336228571428572,1.1399565217391303,"4      1.250
12     1.005
15     1.228
27     1.164
30     1.310
33     1.444
49     0.758
57     1.850
58     1.402
63     1.132
66     0.709
71     2.027
118    1.147
128    1.263
133    0.685
140    0.753
146    0.910
166    0.733
173    0.821
174    1.387
176    0.839
183    0.604
197    1.798
Name: RT, dtype: float64","1      1.272
2      1.035
3      0.832
5      0.890
6      1.565
       ...  
196    0.648
198    0.811
199    1.317
200    0.622
201    1.548
Name: RT, Length: 175, dtype: float64",3026,RMT,Session 2,0.9350265847008727,0.9350265847008727,1.3130532474886352,0.33509994821995986,1.2230021280520493,0.25636590515573554
187,3027_class_pictures_part_2.dat,2.347625408535653,-2.8046023126673427,0.5286161371641885,1.2169443925229315,0.4563738815921741,0.0166497627970497,1.7066884896241827,0.9547738693467336,6.521085198360518,0.6961356783919598,0.6946052631578947,0.7284444444444444,"30     0.815
61     1.036
69     0.733
91     0.781
129    0.652
191    0.442
193    0.706
196    0.944
199    0.447
Name: RT, dtype: float64","1      0.866
2      0.867
3      0.608
4      0.587
5      0.619
       ...  
195    0.554
197    0.622
198    0.620
200    0.648
201    0.997
Name: RT, Length: 190, dtype: float64",3027,RMT,Session 2,0.7066884896241827,0.7066884896241827,0.9984779823116746,-0.001521469299090709,1.356495437562125,0.44281783955751886
381,4001_class_pictures_part_2.dat,3.7808329396844114,-2.956117861085521,0.6016462888800809,1.2378232763396966,0.5036492589712191,0.0025241630816855,1.7933789856015063,0.9798994974874372,6.525985775480151,0.7017386934673367,0.6962153846153846,0.971,"15    0.646
35    1.064
70    0.632
71    1.542
Name: RT, dtype: float64","1      0.670
2      0.582
3      0.516
4      0.584
5      0.557
       ...  
197    0.550
198    0.649
199    0.680
200    0.654
201    0.611
Name: RT, Length: 195, dtype: float64",4001,RMT,Session 2,0.7933789856015063,0.7933789856015063,1.098922826549902,0.10119956771671447,1.4285407752553116,0.5540809635220219
66,4002_class_pictures_part_2.dat,0.9989079928532636,-1.0354956376645554,0.5355292474976213,0.8718304133454345,0.5961132001971253,0.0591716752729663,1.8127097706205864,0.7336683417085427,6.683925386291991,0.8334874371859297,0.8220342465753424,0.8650377358490569,"9      1.020
18     0.921
20     0.704
22     1.082
23     1.000
27     0.704
28     0.838
32     0.792
33     0.862
35     0.745
41     0.773
43     0.752
44     0.846
45     0.976
50     0.849
51     0.782
53     0.762
57     0.749
62     0.682
64     0.777
68     0.621
69     0.808
71     1.212
77     1.285
81     1.698
82     0.995
85     0.543
89     0.650
91     1.004
92     0.907
93     0.819
94     1.049
104    0.767
106    0.774
112    0.904
113    0.934
124    1.050
128    1.167
129    0.998
135    0.686
136    0.838
137    0.937
141    0.770
163    0.641
166    0.742
169    0.891
171    0.885
172    0.855
186    0.825
188    0.862
193    0.636
196    0.952
201    0.526
Name: RT, dtype: float64","1      0.948
2      0.800
3      0.684
4      0.713
5      0.629
       ...  
195    0.692
197    0.727
198    1.089
199    0.801
200    0.721
Name: RT, Length: 146, dtype: float64",4002,RMT,Session 2,0.8127097706205864,0.8127097706205864,1.1232327091766288,0.1267518060608091,1.0285360834126944,0.029072016252115817
302,4003_class_pictures_part_2.dat,2.599290102694704,-2.718174560891499,0.5634854986775961,1.821220429112927,0.5134326551463598,0.0061314879426909,1.9263189357501629,0.9947916666666666,6.735896467922165,0.8765052083333332,0.8758219895287958,1.007,"111    1.007
Name: RT, dtype: float64","1      1.385
2      0.708
3      0.598
4      0.875
5      0.754
       ...  
197    0.859
198    0.845
199    0.683
200    0.853
201    0.746
Name: RT, Length: 191, dtype: float64",4003,RMT,Session 2,0.9263189357501629,0.9263189357501629,1.2959047754891815,0.31565286583398117,1.4985647493480276,0.6695185303956734
13,4004_class_pictures_part_2.dat,2.5088349062732296,-2.730119136227489,0.612340639449024,0.8389923491668326,0.5547921458232854,0.0506311149087647,1.7889783142981384,0.915,6.537235533091928,0.705805,0.699464480874317,0.7740588235294117,"35     0.824
66     0.872
71     0.776
75     1.022
79     0.896
85     0.731
89     0.600
97     0.748
105    0.667
107    0.778
125    0.676
146    0.747
159    0.827
175    0.619
193    1.271
196    0.504
199    0.601
Name: RT, dtype: float64","1      0.654
2      0.833
3      0.510
4      0.643
5      0.550
       ...  
195    0.523
197    0.672
198    0.907
200    0.640
201    0.590
Name: RT, Length: 183, dtype: float64",4004,RMT,Session 2,0.7889783142981384,0.7889783142981384,1.093509433098491,0.0955456422702298,1.2749520055816248,0.3259189739438187
377,4005_class_pictures_part_2.dat,3.6677570704352354,-2.7354285058012384,0.5321025638980893,1.944703169298364,0.5393486459194375,0.0080817055401302,1.9423129414054128,1.0,6.739129552678017,0.8705050505050504,0.8705050505050504,,"Series([], Name: RT, dtype: float64)","1      1.428
2      0.695
3      0.652
4      0.753
5      0.886
       ...  
197    0.862
198    0.809
199    0.697
200    0.647
201    0.675
Name: RT, Length: 198, dtype: float64",4005,RMT,Session 2,0.9423129414054128,0.9423129414054128,1.3282437093351471,0.3524272964184952,1.5707963267948966,0.7962472900409383
325,4006_class_pictures_part_2.dat,1.470487916076719,-2.050362290924701,0.6194725462925391,1.6044202556348506,0.6612829246490667,0.0685846332436308,1.870550942595936,0.9358288770053476,6.933485467316184,1.0885454545454545,1.0600571428571428,1.5040000000000002,"17     2.349
22     1.396
69     1.732
96     1.094
100    0.928
128    1.484
162    1.513
173    1.318
176    2.302
179    1.237
200    1.470
201    1.225
Name: RT, dtype: float64","1      1.177
2      1.067
3      1.016
4      0.860
5      1.227
       ...  
195    0.957
196    1.123
197    1.748
198    1.297
199    0.972
Name: RT, Length: 175, dtype: float64",4006,RMT,Session 2,0.8705509425959359,0.8705509425959359,1.2027531977745993,0.21215848699520845,1.3146854592206865,0.38169240363850243
233,4007_class_pictures_part_2.dat,2.3160385266481303,-1.222968432856521,0.5631137870663565,1.5764515276839424,0.5105690833089543,0.025195167302443,1.936130106827548,0.9045226130653268,6.7633461921838665,0.9446482412060302,0.9089722222222224,1.2826315789473686,"34     1.743
51     1.109
70     1.416
79     2.037
80     1.750
84     1.814
94     2.373
104    1.156
127    0.644
129    0.996
131    0.627
135    1.225
136    1.627
148    1.084
149    1.008
152    0.631
164    1.138
173    0.925
192    1.067
Name: RT, dtype: float64","2      1.335
3      0.931
4      1.193
5      0.802
6      1.066
       ...  
197    0.683
198    0.917
199    0.651
200    0.813
201    0.810
Name: RT, Length: 180, dtype: float64",4007,RMT,Session 2,0.936130106827548,0.936130106827548,1.3153007430952135,0.33765765617833854,1.256661077595603,0.30099684804643423
300,4008_class_pictures_part_2.dat,2.606743428107307,-3.46662524033783,0.5861456730861296,1.1058997308225802,0.5489223066228944,0.0183038674709966,1.824102959226548,0.9690721649484536,6.576494238782867,0.7336030927835052,0.7281489361702127,0.9045,"57     1.949
89     0.599
133    0.666
165    0.732
175    0.769
193    0.712
Name: RT, dtype: float64","1      0.869
2      0.640
3      0.590
4      0.680
5      0.623
       ...  
197    0.841
198    1.394
199    0.677
200    0.685
201    0.690
Name: RT, Length: 188, dtype: float64",4008,RMT,Session 2,0.8241029592265481,0.8241029592265481,1.1380111510907407,0.1424142658986045,1.3940138477151038,0.4998165694816678
330,4009_class_pictures_part_2.dat,2.3726182669310547,-2.136918966098851,0.5882711947868092,1.5742080624816153,0.5359861978023793,0.0098526659383143,1.8481449154957803,0.9690721649484536,6.7500324687118445,0.8996907216494845,0.8912446808510637,1.1643333333333332,"102    0.765
105    1.154
109    1.661
133    0.837
173    1.206
196    1.363
Name: RT, dtype: float64","1      2.417
2      1.003
3      0.704
4      0.788
5      0.723
       ...  
197    0.796
198    1.029
199    0.748
200    1.493
201    1.089
Name: RT, Length: 188, dtype: float64",4009,RMT,Session 2,0.8481449154957803,0.8481449154957803,1.170505842886793,0.17719136456857965,1.3940138477151038,0.4998165694816678
394,4010_class_pictures_part_2.dat,3.044844388119988,-4.073417314452538,0.5389790827746944,1.2574759378268747,0.5485144594713306,0.0132485748392328,1.887797080783545,0.99,6.580483667922341,0.7331400000000001,0.7325454545454547,0.792,"43     0.867
168    0.717
Name: RT, dtype: float64","1      0.704
2      0.635
3      0.609
4      0.613
5      0.627
       ...  
197    0.684
198    0.738
199    0.893
200    0.661
201    0.661
Name: RT, Length: 198, dtype: float64",4010,RMT,Session 2,0.8877970807835449,0.8877970807835449,1.229226075652515,0.24119814462240444,1.4706289056333368,0.6225956170083452
87,4011_class_pictures_part_2.dat,1.340952217903635,-1.1809882070473248,0.4343907217440388,1.128599420393275,0.5273840185060177,0.0239327171705377,1.7589545466655163,0.825,6.720419125656698,0.870505,0.8730909090909091,0.8583142857142857,"15     0.732
16     0.590
17     0.835
23     0.853
33     1.196
44     0.740
48     0.620
49     0.663
57     0.643
66     0.700
84     1.172
89     0.613
92     0.780
103    0.585
105    1.068
117    0.536
124    1.261
126    0.705
128    0.720
149    0.819
160    2.156
162    0.746
164    1.180
168    0.757
173    0.805
174    1.432
180    0.842
181    0.740
183    0.663
185    0.909
187    0.802
189    0.849
195    0.987
198    0.693
201    0.649
Name: RT, dtype: float64","1      1.321
2      0.859
3      0.600
4      0.868
5      1.426
       ...  
194    0.820
196    0.731
197    0.628
199    0.828
200    0.701
Name: RT, Length: 165, dtype: float64",4011,RMT,Session 2,0.7589545466655163,0.7589545466655163,1.0576006022011362,0.0583779017541045,1.139190381760126,0.1520837236956993
412,4012_class_pictures_part_2.dat,3.0775972516364014,-2.0168808468899124,0.439174296783603,0.9682932819101387,0.4898989009990181,0.0331735272977264,1.7216290697922598,0.935,6.498061483526722,0.678015,0.6771390374331551,0.6906153846153846,"28     0.852
43     0.642
64     0.709
108    0.536
125    0.949
127    0.525
131    0.814
133    0.573
135    0.852
159    0.503
160    0.629
168    0.670
193    0.724
Name: RT, dtype: float64","1      1.264
2      0.690
3      0.513
4      0.780
5      0.603
       ...  
197    0.838
198    1.113
199    0.667
200    0.726
201    0.747
Name: RT, Length: 187, dtype: float64",4012,RMT,Session 2,0.7216290697922598,0.7216290697922598,1.0150132328882744,0.015066427016576154,1.3129993236718513,0.3792798902448825
145,4013_class_pictures_part_2.dat,2.142533335694434,-2.300553705522001,0.5094190771489302,0.92978639328568,0.5448753167766449,0.0551223765116197,1.899597535550331,0.905,6.56322357347259,0.7298699999999999,0.7218729281767955,0.8060526315789475,"18     0.848
22     0.622
35     0.841
80     0.646
85     0.776
86     0.980
106    1.215
122    0.763
125    0.781
129    0.739
140    0.604
163    0.607
168    0.819
174    0.952
176    0.908
188    0.875
193    1.082
197    0.716
198    0.541
Name: RT, dtype: float64","1      1.160
2      0.739
3      0.720
4      0.748
5      0.922
       ...  
195    0.644
196    0.787
199    0.876
200    0.677
201    0.785
Name: RT, Length: 181, dtype: float64",4013,RMT,Session 2,0.899597535550331,0.899597535550331,1.2483755969615382,0.2623900084309807,1.2574742209745264,0.3020947569419829
